{"_step":9,"train_loss":1.049736077063962,"val_loss":4.193362275759379,"val_bleu":13.519832364091389,"_wandb":{"runtime":2381},"epoch":10,"_timestamp":1.7481910789540858e+09,"_runtime":147.93886}