{"_runtime":243.212481,"_step":9,"_wandb":{"runtime":847},"train_loss":2.603533659483257,"val_loss":4.347177495559056,"val_bleu":8.504282159623067,"epoch":10,"_timestamp":1.748196396397887e+09}