{"train_loss":4.391909684632954,"val_loss":5.08884330590566,"val_bleu":1.874056595083359,"epoch":10,"_timestamp":1.748193782771141e+09,"_runtime":150.846591,"_wandb":{"runtime":519},"_step":9}