{"_timestamp":1.7481942559186392e+09,"_runtime":103.867385,"_step":9,"train_loss":4.712699739556563,"val_loss":4.952556590239207,"val_bleu":1.8125097905003016,"epoch":10,"_wandb":{"runtime":755}}