{"val_bleu":9.413889743296346,"_wandb":{"runtime":166},"epoch":10,"_timestamp":1.748193459822839e+09,"_runtime":146.4213,"_step":9,"train_loss":2.6170014833149158,"val_loss":3.789923667907715}